order_id,date,customer,product,quantity,unit_price,status
O0075,2025-08-20,C041,Sprocket,1,$3.40,paid
O0378,2025-01-31,C023,Gadget,3,49.00 USD,paid
O0047,2025-05-04,C014,Doohickey,1,120.00,refunded
O0113,13/04/2025,C015,Gizmo,2,$7.25,paid
O0390,08/06/2025,C025,Sprocket,3,$3.40,paid
O0315,27/06/2025,C004,Gadget,1,49.00,paid
O0241,2025-09-17,C042,Gizmo,2,$7.25,paid
O0293,2025-04-28,C039,Gadget,2,49.00 USD,paid
O0224,2025-11-24,C019,Doohickey,4,$120.00,paid
O0153,2025-04-09,C054,Widget,5,12.50 USD,paid
O0238,01/08/2025,C007,Gadget,3,$49.00,paid
O0027,2025-12-20,C049,Sprocket,1,3.40 USD,paid
O0388,2025-12-01,C016,Gizmo,6,7.25,paid
O0051,2025-01-10,C030,Gizmo,5,$7.25,paid
O0055,2025-05-23,C012,Widget,6,$12.50,paid
O0165,2025-07-12,C008,Gadget,3,49.00 USD,paid
O0230,2025-08-20,C014,Gizmo,2,7.25 USD,paid
O0029,2025-04-10,C048,Gadget,4,49.00 USD,paid
O0152,2025-01-22,C011,Doohickey,5,120.00,paid
O0121,Dec 28 2025,C024,Doohickey,2,120.00,paid
O0166,2025-08-20,C038,Sprocket,5,$3.40,refunded
O0325,2025-03-13,C040,Gadget,5,49.00 USD,paid
O0140,2025-04-15,C027,Widget,3,12.50 USD,refunded
O0318,19/10/2025,C025,Gadget,6,$49.00,paid
O0307,2025-01-10,C027,Doohickey,6,$120.00,paid
O0072,Nov 26 2025,C053,Gadget,1,49.00 USD,paid
O0299,Jul 02 2025,C050,Gadget,3,49.00 USD,refunded
O0032,05/09/2025,C054,Sprocket,5,3.40 USD,paid
O0212,2025-08-09,C048,Sprocket,5,3.40 USD,paid
O0213,2025-11-25,C044,Sprocket,2,$3.40,paid
O0005,2025-03-02,C036,Sprocket,3,3.40,paid
O0256,2025-01-06,C057,Widget,1,$12.50,paid
O0337,07/09/2025,C050,Doohickey,4,120.00 USD,paid
O0106,Jan 20 2025,C041,Gizmo,2,7.25 USD,paid
O0392,Oct 18 2025,C014,Doohickey,1,120.00 USD,paid
O0367,2025-12-27,C055,Doohickey,2,120.00,paid
O0020,Sep 21 2025,C044,Sprocket,6,3.40 USD,refunded
O0126,Jul 17 2025,,Gizmo,4,7.25,paid
O0119,2025-08-15,C001,Gadget,1,$49.00,paid
O0377,2025-01-23,C012,Sprocket,3,3.40 USD,paid
O0040,2025-09-22,C009,Doohickey,5,$120.00,paid
O0015,Mar 08 2025,C026,Gadget,4,49.00,paid
O0379,2025-03-11,C031,Doohickey,6,120.00,paid
O0155,Oct 26 2025,C025,Gadget,4,49.00 USD,paid
O0173,Oct 29 2025,C024,Gadget,2,49.00,paid
O0067,08/10/2025,C003,Gizmo,2,7.25,paid
O0398,12/12/2025,C013,Gizmo,5,7.25 USD,paid
O0215,2025-09-05,C040,Doohickey,1,120.00 USD,paid
O0266,2025-05-11,C051,Sprocket,1,3.40 USD,paid
O0334,Aug 12 2025,C047,Sprocket,5,$3.40,refunded
O0389,2025-03-16,C012,Gizmo,3,7.25,paid
O0132,07/12/2025,C019,Widget,3,$12.50,paid
O0096,Mar 03 2025,C011,Gadget,6,49.00 USD,paid
O0024,2025-03-18,C039,Gizmo,3,7.25,paid
O0171,2025-01-25,C015,Gadget,4,49.00,paid
O0262,30/04/2025,C045,Doohickey,3,$120.00,paid
O0101,Nov 19 2025,C018,Gadget,1,$49.00,paid
O0221,04/08/2025,C017,Gizmo,5,7.25 USD,paid
O0050,21/09/2025,C027,Doohickey,3,120.00,paid
O0034,Aug 11 2025,C052,Gizmo,1,$7.25,paid
O0233,2025-08-03,C031,Gadget,2,$49.00,paid
O0014,2025-08-25,C040,Gizmo,2,7.25,paid
O0112,2025-12-16,C001,Doohickey,2,120.00,paid
O0003,2025-08-06,C008,Widget,5,12.50 USD,paid
O0234,2025-03-15,C032,Doohickey,2,120.00,paid
O0231,08/11/2025,C058,Widget,6,12.50,paid
O0080,2025-06-05,C009,Sprocket,5,$3.40,paid
O0145,Jul 27 2025,C028,Gadget,1,49.00,paid
O0283,17/07/2025,C005,Widget,6,$12.50,paid
O0139,2025-06-24,C014,Gadget,1,49.00 USD,paid
O0041,2025-11-08,C012,Widget,2,12.50 USD,paid
O0107,2025-02-20,C034,Widget,3,$12.50,paid
O0247,13/03/2025,C046,Gizmo,5,7.25,paid
O0060,11/12/2025,,Gadget,3,49.00,paid
O0033,2025-12-05,C051,Widget,4,$12.50,refunded
O0174,2025-05-05,C007,Gadget,4,49.00 USD,paid
O0127,05/06/2025,C016,Gadget,5,$49.00,paid
O0335,2025-11-01,C001,Gizmo,4,7.25,refunded
O0217,Mar 24 2025,C023,Gadget,5,49.00 USD,paid
O0089,2025-07-10,C025,Widget,4,$12.50,paid
O0268,2025-09-17,C013,Sprocket,2,3.40,paid
O0232,2025-04-20,C048,Sprocket,1,3.40 USD,paid
O0370,Jun 09 2025,C054,Gadget,5,49.00 USD,paid
O0054,May 13 2025,C035,Doohickey,2,120.00 USD,paid
O0261,Jun 08 2025,C057,Sprocket,4,3.40 USD,paid
O0275,2025-02-02,C026,Sprocket,6,$3.40,paid
O0108,Nov 04 2025,C035,Widget,1,$12.50,paid
O0301,2025-03-10,C006,Widget,2,12.50,paid
O0158,2025-02-16,C033,Doohickey,5,120.00 USD,paid
O0128,2025-11-02,C013,Widget,5,12.50,paid
O0376,2025-12-24,C044,Gadget,4,$49.00,paid
O0084,18/04/2025,C006,Widget,5,$12.50,paid
O0386,Jun 19 2025,C007,Sprocket,3,$3.40,paid
O0177,2025-09-30,,Widget,4,12.50,paid
O0098,2025-10-12,C016,Widget,3,12.50,paid
O0028,23/09/2025,C023,Gizmo,2,7.25 USD,paid
O0004,26/01/2025,C036,Gadget,1,$49.00,paid
O0369,Mar 24 2025,C049,Doohickey,2,120.00 USD,paid
O0323,14/08/2025,C025,Widget,5,12.50 USD,paid
O0170,Jan 18 2025,C019,Gadget,2,$49.00,paid
O0342,02/01/2025,C045,Gizmo,6,$7.25,paid
O0135,2025-11-29,C030,Widget,6,12.50,paid
O0308,27/01/2025,C026,Gizmo,3,7.25 USD,paid
O0254,2025-04-06,C050,Widget,3,12.50 USD,refunded
O0001,2025-06-15,C042,Gadget,4,$49.00,paid
O0143,2025-07-29,C020,Gizmo,6,$7.25,paid
O0193,05/08/2025,C023,Gizmo,1,7.25,paid
O0345,2025-03-22,C007,Sprocket,5,3.40,paid
O0097,2025-06-20,C009,Doohickey,4,120.00,paid
O0105,2025-08-23,C050,Widget,5,12.50,paid
O0306,Apr 27 2025,C037,Gadget,6,49.00,paid
O0010,2025-03-26,C060,Gizmo,2,7.25 USD,paid
O0295,2025-01-06,C047,Widget,6,12.50 USD,paid
O0007,16/04/2025,C035,Doohickey,6,$120.00,paid
O0327,Jan 03 2025,C038,Doohickey,5,120.00 USD,paid
O0161,2025-09-09,C044,Gizmo,2,7.25,paid
O0280,Jun 15 2025,C025,Gizmo,3,$7.25,paid
O0270,2025-09-10,C024,Gizmo,1,7.25,paid
O0031,Jun 28 2025,C015,Gizmo,1,7.25,paid
O0399,2025-10-01,C039,Gadget,4,49.00 USD,paid
O0346,2025-09-09,,Doohickey,5,120.00 USD,paid
O0180,Jul 12 2025,C059,Doohickey,6,120.00,paid
O0157,2025-08-23,C026,Gadget,4,$49.00,paid
O0361,2025-11-08,C009,Sprocket,2,3.40 USD,paid
O0259,02/09/2025,C018,Doohickey,4,$120.00,paid
O0249,Jan 21 2025,C037,Widget,4,$12.50,refunded
O0178,Oct 10 2025,C027,Gadget,2,49.00 USD,paid
O0368,2025-05-19,C015,Sprocket,6,$3.40,refunded
O0167,Nov 19 2025,C052,Doohickey,6,$120.00,paid
O0103,Feb 07 2025,C055,Doohickey,5,120.00,paid
O0353,2025-05-05,C011,Widget,2,12.50,paid
O0056,2025-11-21,C006,Widget,3,12.50,paid
O0137,2025-11-04,C060,Sprocket,2,$3.40,paid
O0211,Nov 20 2025,C002,Gizmo,4,7.25,paid
O0382,2025-03-21,C054,Sprocket,4,3.40,paid
O0043,Apr 08 2025,,Gizmo,1,7.25 USD,paid
O0237,2025-12-16,C033,Gizmo,1,7.25,paid
O0066,24/08/2025,C018,Gadget,2,$49.00,paid
O0347,24/10/2025,C046,Gizmo,2,7.25,paid
O0330,13/09/2025,C020,Doohickey,4,120.00,paid
O0267,02/02/2025,C038,Gadget,4,49.00 USD,paid
O0303,Nov 03 2025,C034,Sprocket,4,3.40,paid
O0304,Feb 18 2025,C018,Gadget,1,49.00 USD,paid
O0207,2025-05-07,C034,Gizmo,5,$7.25,paid
O0220,2025-07-02,C018,Widget,3,12.50,paid
O0274,03/04/2025,C002,Doohickey,1,120.00 USD,paid
O0245,Dec 11 2025,C006,Sprocket,6,3.40 USD,paid
O0159,Jun 10 2025,C004,Sprocket,1,3.40 USD,paid
O0046,Apr 14 2025,C027,Doohickey,2,$120.00,paid
O0021,Jul 20 2025,C026,Doohickey,4,120.00,paid
O0216,2025-01-06,C059,Doohickey,4,$120.00,paid
O0387,06/10/2025,C023,Gizmo,1,7.25 USD,paid
O0197,2025-03-29,C034,Doohickey,1,120.00,paid
O0286,21/03/2025,C037,Widget,3,12.50,paid
O0142,2025-12-06,C041,Sprocket,2,$3.40,paid
O0205,Dec 19 2025,C015,Gizmo,5,7.25 USD,paid
O0065,2025-02-13,C043,Doohickey,5,120.00 USD,paid
O0079,26/11/2025,C039,Gadget,1,49.00 USD,paid
O0164,12/04/2025,C011,Gadget,4,49.00 USD,paid
O0343,Oct 28 2025,C002,Widget,6,12.50 USD,paid
O0223,2025-11-21,C042,Gadget,4,49.00,paid
O0151,Apr 24 2025,C040,Sprocket,4,3.40,paid
O0255,31/05/2025,C032,Sprocket,6,3.40,paid
O0196,2025-10-03,C046,Sprocket,2,3.40 USD,paid
O0331,13/07/2025,C006,Sprocket,2,$3.40,paid
O0102,Aug 10 2025,C009,Gizmo,1,7.25 USD,paid
O0115,2025-01-29,C060,Sprocket,2,3.40,paid
O0186,2025-12-07,C031,Sprocket,4,3.40,paid
O0380,2025-08-16,C023,Gadget,6,49.00 USD,refunded
O0243,2025-07-27,C004,Sprocket,5,3.40,paid
O0374,Apr 24 2025,C006,Gizmo,5,$7.25,paid
O0035,Feb 13 2025,C009,Gadget,2,49.00 USD,paid
O0316,01/10/2025,C008,Gadget,4,$49.00,paid
O0189,2025-12-25,C003,Widget,1,12.50 USD,paid
O0200,2025-03-26,C050,Widget,6,12.50 USD,paid
O0194,08/07/2025,C033,Gizmo,5,7.25 USD,paid
O0071,2025-11-02,C047,Doohickey,3,$120.00,paid
O0222,2025-09-27,C030,Gadget,4,49.00,paid
O0246,2025-02-21,C027,Gadget,1,$49.00,paid
O0083,Aug 31 2025,C030,Widget,3,$12.50,paid
O0393,2025-06-03,C041,Sprocket,5,3.40,paid
O0324,Sep 24 2025,C048,Gadget,6,$49.00,paid
O0311,2025-04-06,C028,Widget,3,12.50,paid
O0016,Jul 25 2025,C057,Sprocket,3,3.40 USD,paid
O0239,Sep 27 2025,C019,Sprocket,2,$3.40,paid
O0328,May 24 2025,C008,Sprocket,5,3.40 USD,paid
O0184,2025-01-08,C058,Gadget,3,49.00,paid
O0141,Apr 15 2025,C036,Widget,4,12.50,paid
O0090,21/05/2025,C007,Widget,3,12.50 USD,paid
O0329,Jun 30 2025,C026,Gizmo,3,7.25 USD,paid
O0204,25/09/2025,C043,Gadget,4,49.00,paid
O0371,11/08/2025,C060,Sprocket,3,3.40,paid
O0265,Apr 30 2025,C004,Gizmo,5,7.25 USD,refunded
O0190,2025-01-24,C049,Widget,5,12.50 USD,paid
O0355,2025-02-03,C053,Widget,4,$12.50,paid
O0277,01/05/2025,C003,Gadget,2,49.00,paid
O0385,May 29 2025,C005,Gadget,5,$49.00,paid
O0322,2025-04-21,C050,Gizmo,1,7.25 USD,paid
O0227,16/11/2025,C058,Widget,6,$12.50,paid
O0061,Sep 16 2025,C033,Sprocket,2,3.40,paid
O0073,2025-09-16,C049,Gadget,5,49.00 USD,paid
O0253,2025-03-08,C018,Doohickey,1,$120.00,refunded
O0026,2025-05-16,C011,Doohickey,6,120.00 USD,paid
O0206,2025-05-02,C018,Sprocket,2,3.40 USD,paid
O0218,01/09/2025,C041,Sprocket,1,3.40 USD,paid
O0163,2025-09-15,C038,Doohickey,2,$120.00,paid
O0336,2025-09-14,C036,Doohickey,6,120.00,paid
O0199,2025-09-21,C011,Gizmo,5,7.25 USD,paid
O0309,16/10/2025,C055,Gizmo,4,7.25 USD,paid
O0341,2025-10-17,C023,Sprocket,1,3.40 USD,paid
O0198,Feb 18 2025,C051,Doohickey,6,120.00 USD,paid
O0144,02/07/2025,C002,Doohickey,4,120.00 USD,paid
O0009,2025-09-26,C047,Doohickey,3,120.00,paid
O0179,Jun 08 2025,C041,Widget,3,12.50 USD,paid
O0036,2025-11-02,,Doohickey,6,120.00,paid
O0150,2025-11-22,C058,Doohickey,1,120.00 USD,refunded
O0136,2025-04-29,C003,Doohickey,3,120.00,paid
O0147,14/03/2025,C037,Doohickey,1,120.00 USD,paid
O0146,2025-07-27,C030,Sprocket,3,3.40,paid
O0092,2025-11-20,C036,Doohickey,5,120.00,paid
O0363,2025-03-16,C025,Gizmo,1,7.25,refunded
O0288,2025-12-09,C031,Gadget,5,$49.00,paid
O0273,2025-08-17,C009,Sprocket,5,$3.40,paid
O0348,Nov 18 2025,C005,Widget,5,12.50 USD,paid
O0300,2025-02-01,C047,Gizmo,1,7.25 USD,paid
O0332,2025-11-08,C014,Gadget,3,49.00,paid
O0037,Nov 29 2025,C048,Widget,5,12.50,paid
O0172,2025-10-18,C007,Gizmo,3,$7.25,paid
O0252,2025-01-03,C043,Widget,6,12.50,paid
O0292,2025-01-21,C018,Doohickey,2,120.00,paid
O0162,09/11/2025,C021,Gizmo,2,$7.25,paid
O0012,2025-02-05,C031,Widget,3,12.50,refunded
O0156,Jan 12 2025,C032,Widget,5,12.50 USD,paid
O0225,Apr 28 2025,C025,Gizmo,6,7.25 USD,refunded
O0358,May 03 2025,C023,Gadget,3,$49.00,paid
O0064,28/01/2025,C005,Gadget,1,$49.00,paid
O0359,2025-10-25,C031,Gadget,3,$49.00,paid
O0296,2025-06-21,C056,Gizmo,6,7.25,paid
O0242,2025-06-03,C041,Gadget,5,$49.00,paid
O0154,02/03/2025,C030,Doohickey,5,120.00 USD,paid
O0287,2025-02-25,C058,Gizmo,4,7.25 USD,paid
O0086,Sep 06 2025,C011,Doohickey,1,120.00 USD,paid
O0002,2025-09-17,C006,Gadget,1,49.00,paid
O0081,11/12/2025,C014,Widget,6,12.50 USD,refunded
O0091,08/05/2025,C033,Gizmo,4,$7.25,paid
O0240,29/05/2025,C053,Gizmo,3,7.25 USD,paid
O0100,2025-02-01,C037,Doohickey,3,120.00 USD,paid
O0313,2025-11-14,C040,Gizmo,6,7.25 USD,paid
O0148,2025-03-16,C011,Gizmo,3,7.25,paid
O0085,20/11/2025,C057,Sprocket,3,3.40,paid
O0120,05/03/2025,C025,Sprocket,2,$3.40,paid
O0187,2025-04-30,C051,Sprocket,3,3.40 USD,paid
O0395,Jul 10 2025,C054,Widget,1,12.50,paid
O0210,Jul 18 2025,C001,Doohickey,1,120.00 USD,paid
O0354,May 29 2025,C024,Doohickey,5,$120.00,paid
O0109,2025-11-27,C034,Gadget,4,49.00,paid
O0312,2025-07-23,C003,Doohickey,6,120.00,paid
O0068,2025-01-01,C006,Gizmo,4,7.25,paid
O0160,2025-03-11,C040,Widget,1,12.50,refunded
O0111,08/12/2025,C015,Doohickey,3,120.00 USD,paid
O0169,10/05/2025,,Gizmo,6,7.25 USD,paid
O0272,17/10/2025,C037,Doohickey,5,$120.00,paid
O0271,2025-01-16,C034,Gizmo,3,7.25,paid
O0118,Sep 26 2025,C020,Doohickey,1,$120.00,paid
O0202,2025-01-13,C020,Gizmo,2,$7.25,paid
O0230,2025-08-20,C014,Gizmo,2,7.25 USD,paid
O0082,2025-08-26,C050,Doohickey,4,$120.00,paid
O0349,2025-01-28,C038,Gadget,4,$49.00,paid
O0354,May 29 2025,C024,Doohickey,5,$120.00,paid
O0094,09/10/2025,C031,Gadget,2,$49.00,paid
O0039,06/10/2025,C004,Doohickey,2,$120.00,paid
O0019,16/03/2025,C024,Doohickey,5,120.00,paid
O0017,2025-08-01,C057,Gizmo,6,7.25,paid
O0248,2025-06-13,C037,Widget,4,$12.50,paid
O0257,04/11/2025,C039,Gadget,4,49.00 USD,paid
O0375,Dec 21 2025,C045,Sprocket,6,3.40 USD,paid
O0078,24/08/2025,C005,Doohickey,4,120.00,paid
O0176,2025-08-16,C047,Sprocket,5,3.40,paid
O0013,Jun 08 2025,C053,Sprocket,6,3.40 USD,paid
O0338,2025-02-17,C021,Gadget,3,$49.00,paid
O0228,2025-10-17,,Gizmo,2,7.25 USD,paid
O0138,07/12/2025,C041,Widget,1,12.50,paid
O0276,Apr 30 2025,C033,Widget,6,12.50,paid
O0383,07/01/2025,C014,Gizmo,4,$7.25,paid
O0074,31/12/2025,C002,Gadget,1,49.00,paid
O0195,31/07/2025,C034,Widget,4,$12.50,paid
O0149,Apr 12 2025,C054,Gizmo,2,$7.25,paid
O0379,2025-03-11,C031,Doohickey,6,120.00,paid
O0077,2025-08-31,C055,Gizmo,1,7.25,paid
O0095,Dec 01 2025,C042,Gizmo,4,7.25 USD,paid
O0133,2025-05-14,C016,Gadget,4,49.00,paid
O0366,26/08/2025,,Gadget,3,$49.00,paid
O0057,Mar 04 2025,C022,Doohickey,1,$120.00,paid
O0250,2025-12-15,C038,Doohickey,5,$120.00,paid
O0015,Mar 08 2025,C026,Gadget,4,49.00,paid
O0326,2025-09-01,C046,Gizmo,6,$7.25,paid
O0365,Jun 09 2025,C019,Widget,2,$12.50,paid
O0011,Oct 13 2025,C022,Sprocket,3,3.40 USD,refunded
O0229,2025-02-06,C039,Gizmo,3,7.25,paid
O0351,Aug 22 2025,C039,Gizmo,4,7.25,paid
O0325,2025-03-13,C040,Gadget,5,49.00 USD,paid
O0320,Apr 07 2025,C025,Sprocket,5,3.40,paid
O0125,Nov 01 2025,C053,Widget,1,12.50 USD,paid
O0018,2025-03-19,C015,Gadget,6,$49.00,paid
O0373,Apr 18 2025,C059,Gizmo,6,7.25 USD,paid
O0168,2025-07-04,C029,Gizmo,1,$7.25,paid
O0362,2025-10-05,C050,Gizmo,6,7.25 USD,paid
O0314,2025-03-04,C028,Sprocket,1,$3.40,paid
O0052,2025-11-16,C005,Gizmo,5,7.25,paid
O0181,23/02/2025,C042,Gizmo,2,7.25 USD,paid
O0310,2025-12-15,C056,Gizmo,2,$7.25,paid
O0023,2025-03-19,C024,Sprocket,1,3.40,paid
O0381,Oct 16 2025,C041,Gadget,3,49.00,paid
O0183,2025-09-25,C042,Gizmo,3,7.25,paid
O0269,2025-05-29,C037,Gizmo,5,7.25,paid
O0372,2025-10-27,C004,Sprocket,6,3.40,paid
O0340,May 29 2025,C033,Sprocket,2,3.40,paid
O0123,2025-08-26,C017,Widget,1,12.50 USD,paid
O0063,2025-04-21,C013,Gadget,3,$49.00,paid
O0131,2025-08-17,C009,Gadget,2,49.00 USD,paid
O0006,2025-11-24,C007,Gadget,3,49.00 USD,paid
O0175,25/07/2025,C004,Gizmo,1,7.25 USD,paid
O0188,2025-03-16,C008,Widget,1,$12.50,paid
O0087,2025-06-04,,Gadget,4,$49.00,paid
O0182,May 15 2025,C041,Widget,3,12.50 USD,paid
O0360,28/12/2025,C058,Gizmo,5,7.25 USD,paid
O0350,2025-05-03,,Gadget,2,$49.00,paid
O0394,Nov 23 2025,C003,Doohickey,1,120.00,paid
O0319,2025-06-05,C031,Sprocket,4,3.40,paid
O0045,18/09/2025,C033,Sprocket,4,3.40 USD,paid
O0219,2025-08-22,C012,Gadget,6,49.00 USD,paid
O0070,2025-01-12,C041,Gizmo,3,7.25 USD,paid
O0062,Nov 29 2025,C032,Doohickey,6,120.00 USD,paid
O0154,02/03/2025,C030,Doohickey,5,120.00 USD,paid
O0356,2025-05-26,C028,Gizmo,2,$7.25,paid
O0110,Dec 27 2025,C002,Gizmo,1,7.25,paid
O0305,2025-05-24,C008,Widget,1,12.50 USD,paid
O0008,2025-08-21,C016,Gizmo,3,7.25,paid
O0022,2025-04-17,,Doohickey,2,120.00,paid
O0114,Nov 16 2025,C012,Doohickey,5,$120.00,paid
O0025,2025-08-27,C020,Doohickey,4,120.00 USD,paid
O0122,Aug 31 2025,C027,Widget,6,12.50,paid
O0208,May 13 2025,C043,Widget,2,12.50,paid
O0030,15/01/2025,C031,Widget,3,$12.50,paid
O0317,21/05/2025,C006,Gadget,6,$49.00,refunded
O0192,2025-11-20,C007,Gizmo,4,$7.25,paid
O0071,2025-11-02,C047,Doohickey,3,$120.00,paid
O0048,Nov 26 2025,C017,Gizmo,2,7.25,paid
O0244,Sep 01 2025,C004,Sprocket,6,3.40 USD,paid
O0289,2025-07-06,C016,Doohickey,3,$120.00,paid
O0099,Jul 31 2025,C048,Doohickey,4,$120.00,paid
O0088,2025-06-23,C060,Doohickey,1,120.00 USD,paid
O0279,Jun 12 2025,C044,Widget,2,12.50 USD,refunded
O0201,2025-02-18,C058,Doohickey,4,$120.00,paid
O0352,Jul 19 2025,C027,Sprocket,2,3.40,paid
O0236,2025-12-13,C041,Widget,2,12.50,paid
O0053,May 20 2025,C018,Widget,2,12.50 USD,paid
O0264,Oct 08 2025,C035,Doohickey,3,$120.00,paid
O0321,25/03/2025,C036,Gadget,3,$49.00,paid
O0397,2025-12-08,C011,Gadget,6,$49.00,paid
O0260,2025-11-15,C056,Sprocket,3,3.40,paid
O0282,2025-04-23,C056,Widget,5,$12.50,paid
O0258,2025-08-29,C052,Gadget,2,49.00 USD,paid
O0069,Jan 03 2025,C053,Widget,3,12.50 USD,paid
O0400,08/11/2025,C037,Gizmo,5,$7.25,paid
O0038,2025-04-19,C014,Widget,3,12.50 USD,paid
O0348,Nov 18 2025,C005,Widget,5,12.50 USD,paid
O0209,2025-06-04,C018,Gizmo,4,$7.25,paid
O0042,2025-12-16,C036,Sprocket,5,3.40 USD,paid
O0291,24/06/2025,C029,Sprocket,2,3.40,paid
O0302,2025-05-09,,Sprocket,1,$3.40,paid
O0263,2025-10-28,C054,Widget,3,$12.50,paid
O0391,2025-03-11,C054,Sprocket,3,3.40,paid
O0357,2025-05-04,C013,Gadget,1,49.00 USD,paid
O0294,2025-05-21,C009,Gadget,2,49.00 USD,paid
O0278,Jan 15 2025,C051,Widget,3,12.50,paid
O0116,Mar 14 2025,C046,Doohickey,1,$120.00,paid
O0235,Aug 28 2025,C043,Sprocket,4,$3.40,paid
O0284,2025-09-02,C024,Widget,6,12.50 USD,paid
O0396,05/12/2025,C046,Widget,5,12.50,paid
O0251,2025-10-08,,Widget,1,12.50 USD,paid
O0364,06/12/2025,C036,Widget,1,12.50,paid
O0129,2025-11-29,C036,Widget,4,$12.50,paid
O0344,Nov 28 2025,C010,Sprocket,5,3.40 USD,paid
O0176,2025-08-16,C047,Sprocket,5,3.40,paid
O0097,2025-06-20,C009,Doohickey,4,120.00,paid
O0049,2025-02-18,C011,Doohickey,4,120.00,paid
O0333,17/10/2025,C059,Doohickey,3,120.00 USD,paid
O0130,Feb 06 2025,C006,Gizmo,5,$7.25,paid
O0114,Nov 16 2025,C012,Doohickey,5,$120.00,paid
O0058,2025-01-23,C016,Sprocket,6,$3.40,paid
O0384,Dec 26 2025,C008,Gizmo,4,$7.25,paid
O0281,2025-05-03,C058,Gadget,6,49.00,paid
O0104,2025-04-25,C034,Gadget,2,49.00 USD,paid
O0093,30/07/2025,C049,Doohickey,5,$120.00,paid
O0117,2025-06-10,C060,Widget,1,12.50,paid
O0059,2025-04-14,C020,Gizmo,6,$7.25,paid
O0134,2025-10-24,C005,Gadget,3,49.00 USD,paid
O0203,2025-11-19,C009,Gadget,4,$49.00,paid
O0226,02/01/2025,C016,Gizmo,3,$7.25,paid
O0290,2025-03-25,C019,Widget,6,$12.50,paid
O0124,20/05/2025,C003,Gizmo,5,$7.25,paid
O0272,17/10/2025,C037,Doohickey,5,$120.00,paid
O0185,Jun 17 2025,C022,Gadget,4,49.00 USD,paid
O0214,2025-05-14,C016,Widget,4,$12.50,paid
O0298,Jul 10 2025,C055,Sprocket,5,3.40 USD,paid
O0285,20/08/2025,C029,Sprocket,2,$3.40,paid
O0191,2025-02-24,C014,Gadget,2,49.00 USD,paid
O0297,02/09/2025,C018,Gadget,6,49.00,paid
O0339,Feb 26 2025,C022,Gizmo,6,7.25 USD,paid
O0076,2025-08-22,C060,Widget,6,12.50 USD,paid
O0044,2025-02-02,C040,Doohickey,3,120.00 USD,paid
